19.tf,0,ID=19,Indians of North America -- Poetry,Iroquois Indians -- Kings and rulers -- Poetry,PS,Hiawatha, active 15th century -- Poetry,
126.tf,1,ID=126,PR,Science fiction,Challenger, Professor (Fictitious character) -- Fiction,
12200.tf,2,ID=12200,Elocution,Oratory,PN,Delsarte system,
12201.tf,3,ID=12201,Sailors -- Fiction,England -- Social life and customs -- Fiction,PR,Humorous stories, English,
12202.tf,4,ID=12202,Sailors -- Fiction,PR,England -- Social life and customs -- Fiction,Humorous stories, English,
12203.tf,5,ID=12203,PR,Sailors -- Fiction,Humorous stories, English,England -- Social life and customs -- Fiction,
12204.tf,6,ID=12204,Humorous stories, English,Sailors -- Fiction,England -- Social life and customs -- Fiction,PR,
12205.tf,7,ID=12205,Humorous stories, English,England -- Social life and customs -- Fiction,PR,Sailors -- Fiction,
12206.tf,8,ID=12206,Sailors -- Fiction,England -- Social life and customs -- Fiction,Humorous stories, English,PR,
12207.tf,9,ID=12207,Sailors -- Fiction,PR,Humorous stories, English,England -- Social life and customs -- Fiction,
12208.tf,0,ID=12208,England -- Social life and customs -- Fiction,Humorous stories, English,PR,Sailors -- Fiction,
12209.tf,1,ID=12209,Sailors -- Fiction,Humorous stories, English,England -- Social life and customs -- Fiction,PR,
12210.tf,2,ID=12210,Humorous stories, English,Sailors -- Fiction,England -- Social life and customs -- Fiction,PR,
12211.tf,3,ID=12211,England -- Social life and customs -- Fiction,Humorous stories, English,Sailors -- Fiction,PR,
12212.tf,4,ID=12212,PR,Sailors -- Fiction,England -- Social life and customs -- Fiction,Humorous stories, English,
12213.tf,5,ID=12213,Humorous stories, English,England -- Social life and customs -- Fiction,Sailors -- Fiction,PR,
12214.tf,6,ID=12214,PR,Humorous stories, English,Sailors -- Fiction,England -- Social life and customs -- Fiction,
12215.tf,7,ID=12215,Sailors -- Fiction,England -- Social life and customs -- Fiction,Humorous stories, English,PR,
1220.tf,8,ID=1220,PQ,French fiction -- Translations into English,
1222.tf,9,ID=1222,PS,Satire, American,Anatomy -- Humor,
1223.tf,0,ID=1223,PQ,France -- Social life and customs -- 19th century -- Fiction,Biographical fiction,Paris (France) -- Fiction,French fiction -- Translations into English,
1225.tf,1,ID=1225,Faraday, Michael, 1791-1867,QC,Physicists -- Great Britain -- Biography,
1227.tf,2,ID=1227,Expression,Instinct,Psychology, Comparative,Emotions,QH,
1228.tf,3,ID=1228,QH,Natural selection,Evolution (Biology),
12220.tf,4,ID=12220,War -- Drama,PR,
12221.tf,5,ID=12221,English drama -- 17th century,Comedies,PR,
12222.tf,6,ID=12222,Tragicomedy,PR,English drama -- 17th century,
12223.tf,7,ID=12223,AP,London (England) -- Periodicals,
12224.tf,8,ID=12224,PS,Families -- Fiction,Young women -- United States -- Fiction,
12225.tf,9,ID=12225,F590.3,Trails -- United States,West (U.S.) -- Description and travel,
12226.tf,0,ID=12226,HQ,Women -- Social and moral questions,
12227.tf,1,ID=12227,World War, 1914-1918 -- Juvenile literature,Picture books for children,Transportation -- Juvenile literature,Vehicles -- Juvenile literature,TL,PZ,
12228.tf,2,ID=12228,Geography -- Outlines, syllabi, etc.,G,
12229.tf,3,ID=12229,United States -- History -- Civil War, 1861-1865 -- Fiction,PS,
12231.tf,5,ID=12231,English wit and humor -- Periodicals,AP,
12232.tf,6,ID=12232,English wit and humor -- Periodicals,AP,
12234.tf,8,ID=12234,Hertfordshire (England) -- Fiction,PR,Domestic fiction,Inheritance and succession -- Fiction,Fathers and sons -- Fiction,
12235.tf,9,ID=12235,Legislation -- United States,KF,
12236.tf,0,ID=12236,California -- Gold discoveries,California -- Biography,F850.5,Overland journeys to the Pacific,Pioneers -- California -- Biography,Death Valley (Calif. and Nev.) -- History,Manly, William Lewis, b. 1820,
12237.tf,1,ID=12237,M,Music,String quartets -- Scores,
12238.tf,2,ID=12238,Diet,Cooking, American,TX,Vegetarianism,
12239.tf,3,ID=12239,PR,Detective and mystery stories,
12240.tf,4,ID=12240,PS,Japan -- History -- Meiji period, 1868-1912 -- Fiction,
12241.tf,5,ID=12241,PS,American poetry,
12242.tf,6,ID=12242,PS,American poetry,
12243.tf,7,ID=12243,City and town life -- Fiction,Male friendship -- Fiction,PS,New York (N.Y.) -- Social life and customs -- Fiction,
12244.tf,8,ID=12244,PR,Bodleian Library,Books and reading -- Great Britain,
12245.tf,9,ID=12245,PR,English essays,
12246.tf,0,ID=12246,Poetry,PQ,
12247.tf,1,ID=12247,TL,Aeronautics -- Competitions,
