19.tf,0,ID=19,Indians of North America -- Poetry,Iroquois Indians -- Kings and rulers -- Poetry,PS,Hiawatha, active 15th century -- Poetry
126.tf,1,ID=126,PR,Science fiction,Challenger, Professor (Fictitious character) -- Fiction
12200.tf,2,ID=12200,Elocution,Oratory,PN,Delsarte system
12201.tf,3,ID=12201,Sailors -- Fiction,England -- Social life and customs -- Fiction,PR,Humorous stories, English
12202.tf,4,ID=12202,Sailors -- Fiction,PR,England -- Social life and customs -- Fiction,Humorous stories, English
12203.tf,5,ID=12203,PR,Sailors -- Fiction,Humorous stories, English,England -- Social life and customs -- Fiction
12204.tf,6,ID=12204,Humorous stories, English,Sailors -- Fiction,England -- Social life and customs -- Fiction,PR
12205.tf,7,ID=12205,Humorous stories, English,England -- Social life and customs -- Fiction,PR,Sailors -- Fiction
12206.tf,8,ID=12206,Sailors -- Fiction,England -- Social life and customs -- Fiction,Humorous stories, English,PR
12207.tf,9,ID=12207,Sailors -- Fiction,PR,Humorous stories, English,England -- Social life and customs -- Fiction
12208.tf,0,ID=12208,England -- Social life and customs -- Fiction,Humorous stories, English,PR,Sailors -- Fiction
12209.tf,1,ID=12209,Sailors -- Fiction,Humorous stories, English,England -- Social life and customs -- Fiction,PR
12210.tf,2,ID=12210,Humorous stories, English,Sailors -- Fiction,England -- Social life and customs -- Fiction,PR
12211.tf,3,ID=12211,England -- Social life and customs -- Fiction,Humorous stories, English,Sailors -- Fiction,PR
12212.tf,4,ID=12212,PR,Sailors -- Fiction,England -- Social life and customs -- Fiction,Humorous stories, English
12213.tf,5,ID=12213,Humorous stories, English,England -- Social life and customs -- Fiction,Sailors -- Fiction,PR
12214.tf,6,ID=12214,PR,Humorous stories, English,Sailors -- Fiction,England -- Social life and customs -- Fiction
12215.tf,7,ID=12215,Sailors -- Fiction,England -- Social life and customs -- Fiction,Humorous stories, English,PR
1220.tf,8,ID=1220,PQ,French fiction -- Translations into English
1222.tf,9,ID=1222,PS,Satire, American,Anatomy -- Humor
1223.tf,0,ID=1223,PQ,France -- Social life and customs -- 19th century -- Fiction,Biographical fiction,Paris (France) -- Fiction,French fiction -- Translations into English
1225.tf,1,ID=1225,Faraday, Michael, 1791-1867,QC,Physicists -- Great Britain -- Biography
1227.tf,2,ID=1227,Expression,Instinct,Psychology, Comparative,Emotions,QH
1228.tf,3,ID=1228,QH,Natural selection,Evolution (Biology)
12220.tf,4,ID=12220,War -- Drama,PR
12221.tf,5,ID=12221,English drama -- 17th century,Comedies,PR
12222.tf,6,ID=12222,Tragicomedy,PR,English drama -- 17th century
12223.tf,7,ID=12223,AP,London (England) -- Periodicals
12224.tf,8,ID=12224,PS,Families -- Fiction,Young women -- United States -- Fiction
12225.tf,9,ID=12225,F590.3,Trails -- United States,West (U.S.) -- Description and travel
12226.tf,0,ID=12226,HQ,Women -- Social and moral questions
12227.tf,1,ID=12227,World War, 1914-1918 -- Juvenile literature,Picture books for children,Transportation -- Juvenile literature,Vehicles -- Juvenile literature,TL,PZ
12228.tf,2,ID=12228,Geography -- Outlines, syllabi, etc.,G
12229.tf,3,ID=12229,United States -- History -- Civil War, 1861-1865 -- Fiction,PS
12231.tf,5,ID=12231,English wit and humor -- Periodicals,AP
12232.tf,6,ID=12232,English wit and humor -- Periodicals,AP
12234.tf,8,ID=12234,Hertfordshire (England) -- Fiction,PR,Domestic fiction,Inheritance and succession -- Fiction,Fathers and sons -- Fiction
12235.tf,9,ID=12235,Legislation -- United States,KF
12236.tf,0,ID=12236,California -- Gold discoveries,California -- Biography,F850.5,Overland journeys to the Pacific,Pioneers -- California -- Biography,Death Valley (Calif. and Nev.) -- History,Manly, William Lewis, b. 1820
12237.tf,1,ID=12237,M,Music,String quartets -- Scores
12238.tf,2,ID=12238,Diet,Cooking, American,TX,Vegetarianism
12239.tf,3,ID=12239,PR,Detective and mystery stories
12240.tf,4,ID=12240,PS,Japan -- History -- Meiji period, 1868-1912 -- Fiction
12241.tf,5,ID=12241,PS,American poetry
12242.tf,6,ID=12242,PS,American poetry
12243.tf,7,ID=12243,City and town life -- Fiction,Male friendship -- Fiction,PS,New York (N.Y.) -- Social life and customs -- Fiction
12244.tf,8,ID=12244,PR,Bodleian Library,Books and reading -- Great Britain
12245.tf,9,ID=12245,PR,English essays
12246.tf,0,ID=12246,Poetry,PQ
12247.tf,1,ID=12247,TL,Aeronautics -- Competitions
12248.tf,2,ID=12248,Kings and rulers -- Juvenile literature,Jerusalem -- Juvenile literature,Assyria -- Juvenile literature,Governors -- Juvenile literature,Nehemiah (Governor of Judah) -- Juvenile literature,PZ
12249.tf,3,ID=12249,Ohio -- Fiction,PS
12250.tf,4,ID=12250,Children's stories, German -- Translations into French,Fairy tales -- Germany,PZ,Fairy tales,Folklore -- Germany
12251.tf,5,ID=12251,Conduct of life -- Juvenile fiction,Children's stories, French,PZ
12252.tf,6,ID=12252,Christianity,Religion,Church of England,Clergy,PR
12253.tf,7,ID=12253,Periodicals -- Directories,Z,Newspapers -- Directories
12254.tf,8,ID=12254,NK,Furniture -- History
12255.tf,9,ID=12255,Eschatology, Egyptian,BL,Immortality
12256.tf,0,ID=12256,PS,Great Britain -- History -- Charles II, 1660-1685 -- Fiction,Historical fiction
12257.tf,1,ID=12257,Motivation (Psychology) -- Fiction,Businessmen -- Fiction,Success in business -- Fiction,PS,Didactic fiction,Psychological fiction
12258.tf,2,ID=12258,France -- History -- Revolution, 1789-1799,DC
12259.tf,3,ID=12259,Great Britain -- History, Military -- 1603-1714 -- Fiction,Thirty Years' War, 1618-1648 -- Fiction,Soldiers -- Fiction,PR,Royalists -- Fiction,War stories,Historical fiction,Great Britain -- History -- Civil War, 1642-1649 -- Fiction
12260.tf,4,ID=12260,Obedience -- Juvenile fiction,Animals -- Juvenile fiction,PZ,Boys -- Conduct of life -- Juvenile fiction,Farm life -- Juvenile fiction
12261.tf,5,ID=12261,Superstition,Mythology,BL,Magic,Religion
12262.tf,6,ID=12262,AP,English wit and humor -- Periodicals
12263.tf,7,ID=12263,AP,England -- Periodicals,Scotland -- Periodicals
12264.tf,8,ID=12264,Life,Ethics,BD,Philosophy
12265.tf,9,ID=12265,PS,Science fiction
12266.tf,0,ID=12266,United States -- Description and travel,DD,Germany -- Description and travel,E151,Sweden -- Description and travel,Latvia -- Description and travel,Denmark -- Description and travel,DK,DL
12267.tf,1,ID=12267,HX,Politicians -- Germany -- Biography,Autobiographies,CT,Bebel, August, 1840-1913,Socialists -- Germany -- Biography
12268.tf,2,ID=12268,PT,German poetry -- 20th century
12269.tf,3,ID=12269,Scotland -- Fiction,World War, 1914-1918 -- Fiction,Young men -- Fiction,Humorous stories,PR,Man-woman relationships -- Fiction
12270.tf,4,ID=12270,PS,California -- Fiction,Historical fiction,Western stories
12271.tf,5,ID=12271,PQ,Short stories
12272.tf,6,ID=12272,F1951,Puerto Rico -- History
12273.tf,7,ID=12273,PT,Denmark -- Fiction
12274.tf,8,ID=12274,DS,Philippines -- Description and travel
12275.tf,9,ID=12275,DS,Philippines -- Description and travel
12276.tf,0,ID=12276,DS,Philippines -- Description and travel
12277.tf,1,ID=12277,Short stories, English,PR,Cornwall (England : County) -- Fiction
12278.tf,2,ID=12278,Moore, George, 1852-1933,PR,Paris (France) -- Intellectual life
12279.tf,3,ID=12279,New York (State) -- History -- Revolution, 1775-1783 -- Fiction,PS
12280.tf,4,ID=12280,Culture conflict -- Fiction,Vendetta -- Fiction,Creoles -- Fiction,New Orleans (La.) -- Fiction,Historical fiction,Domestic fiction,PS,Love stories
12281.tf,5,ID=12281,Frontier and pioneer life -- Fiction,Ranch life -- Fiction,Western stories,PS,West (U.S.) -- Social life and customs -- Fiction,Cowboys -- Fiction
12282.tf,6,ID=12282,Sermons, American,BS,Bible -- Study and teaching
12283.tf,7,ID=12283,Boys -- Fiction,PS,Stockholm (Sweden) -- Fiction
12284.tf,8,ID=12284,Fiction,PQ
12285.tf,9,ID=12285,American periodicals,AP
12286.tf,0,ID=12286,Gardening,QK,Flowers -- Poetry
12287.tf,1,ID=12287,DA,Somerset (England) -- Guidebooks
12288.tf,2,ID=12288,Witchcraft -- Connecticut -- History,BF,Connecticut -- History -- Colonial period, ca. 1600-1775
12289.tf,3,ID=12289,PQ,French literature -- 19th century -- History and criticism
12290.tf,4,ID=12290,Church,BV
12291.tf,5,ID=12291,Moral education,Teaching,LB
12292.tf,6,ID=12292,AP,English wit and humor -- Periodicals
12293.tf,7,ID=12293,Cooking -- Bibliography,Cooking -- History,TX
12294.tf,8,ID=12294,AP,English wit and humor -- Periodicals
12295.tf,9,ID=12295,DC,France -- History -- Revolution, 1789-1799
12297.tf,0,ID=12297,E300,Slave narratives -- Florida,Slaves -- United States -- Biography,African Americans -- Florida -- Biography
